test1,test2,test3
4312,4312,3627
8318,8318,27074
10874,10874,6241
55143,55143,55165
55388,55388,9787
991,991,7368
6280,6280,11065
2305,2305,55355
9493,9493,9582
1062,1062,220134
3868,3868,55872
4605,4605,51203
9833,9833,3669
9133,9133,83461
6279,6279,22974
10403,10403,10460
8685,8685,10563
597,597,4751
7153,7153,6373
23397,23397,8140
6278,6278,79019
79733,79733,820
259266,259266,10635
1381,1381,1844
3627,3627,4283
27074,27074,27299
6241,6241,55839
55165,55165,27338
9787,9787,890
7368,7368,9415
11065,11065,983
55355,55355,54821
9582,9582,10232
220134,220134,4085
55872,55872,6362
51203,51203,9837
3669,3669,5080
83461,83461,7850
22974,22974,81930
10460,10460,5918
10563,10563,81620
4751,4751,332
6373,6373,55765
8140,8140,79605
79019,79019,3832
820,820,6286
10635,10635,5163
1844,1844,2146
4283,4283,3002
27299,27299,50852
55839,55839,7272
27338,27338,2568
890,890,64151
9415,9415,51806
983,983,366
54821,54821,2842
10232,10232,9212
4085,4085,140578
6362,,51659
9837,,8715
5080,,4902
7850,,8208
81930,,1111
5918,,9319
81620,,9055
332,,3833
55765,,146909
79605,,23475
3832,,4321
6286,,11182
5163,,10112
2146,,3902
3002,,3620
50852,,3887
7272,,51514
2568,,6790
64151,,
51806,,
366,,
2842,,
9212,,
140578,,
51659,,
8715,,
4902,,
8208,,
1111,,
9319,,
9055,,
3833,,
146909,,
23475,,
4321,,
11182,,
10112,,
3902,,
3620,,
3887,,
51514,,
6790,,
